actual,predicted
40,117.947754
60,116.8604
60,120.471146
50,115.48361
70,118.74193
50,130.02869
50,135.52399
80,144.41173
70,134.62288
60,131.42447
40,123.47746
60,121.06265
50,121.64833
200,128.66867
240,126.84779
250,135.5918
90,144.23502
180,145.92772
160,135.71635
50,146.44067
60,141.58173
80,139.86357
150,163.82146
200,127.75363
100,118.171684
100,121.56197
100,126.677635
100,121.901024
100,116.65008
140,109.432236
150,134.10757
100,118.65937
80,103.654465
100,94.90956
70,128.2464
80,146.64293
70,144.90419
70,144.74913
70,211.8876
70,189.40958
60,174.95988
70,184.48393
60,185.40807
60,172.02725
100,206.82715
70,176.79022
90,191.63742
100,198.54901
90,200.47447
100,203.7637
100,199.03123
90,202.24431
120,198.5965
180,199.52834
240,190.77843
220,194.61852
150,170.05988
100,156.64548
90,162.96318
110,167.9715
110,167.81741
160,154.78545
130,150.76285
120,142.0256
120,139.14523
120,139.24503
110,128.04031
130,152.70714
100,158.63277
90,134.37526
120,160.13495
170,179.97548
150,163.35013
110,169.63739
90,155.68745
80,160.62616
80,189.88864
80,177.38385
110,159.83913
100,170.20247
100,172.63066
90,199.6834
90,222.72754
80,208.02148
60,207.7646
50,181.18958
50,181.97603
50,165.04889
60,165.44078
50,169.43767
60,164.53987
50,158.60997
50,154.47258
50,175.89836
60,176.4223
70,156.6331
70,156.6331
40,162.27597
50,166.68303
50,176.57623
50,174.7012
60,188.24525
60,172.22505
70,178.7333
50,178.227
70,183.12267
70,168.9265
80,174.41858
60,172.29411
70,166.93613
60,187.96587
50,187.00458
50,163.30621
50,166.96388
60,158.81308
50,176.95796
60,154.84612
60,148.67223
40,149.30374
50,136.71329
40,136.71329
30,139.42743
30,148.80576
30,150.34625
60,143.52592
50,152.89168
60,151.1507
50,164.3917
70,164.20786
50,162.18988
40,168.80952
50,155.65779
50,156.34294
60,160.71284
60,173.71362
40,164.38412
70,162.38667
50,161.23885
60,161.95665
50,159.74323
60,164.77495
50,158.72777
40,160.80127
50,142.10333
50,136.29686
50,145.65714
50,147.5054
50,149.19821
50,148.43053
60,157.4891
50,162.73505
60,164.2061
60,142.2182
40,141.60042
40,193.20174
50,182.93845
50,202.8209
60,192.6633
60,189.48634
60,219.60481
50,224.43665
60,219.53635
50,220.20848
30,217.5924
40,217.04233
60,211.99263
60,215.45767
170,208.99341
90,199.0973
70,199.53613
40,220.02768
60,213.74104
40,210.77068
50,210.77068
50,216.43365
50,217.20447
60,215.88013
60,210.00426
50,212.26764
50,212.26764
40,207.37862
60,227.14241
40,226.71011
60,226.71011
30,229.2792
30,227.232
40,231.11058
40,227.74557
50,228.58102
50,223.724
50,224.51141
50,223.19064
60,240.61906
70,245.6253
70,245.11075
70,229.83423
60,243.13725
60,244.6416
70,240.61258
90,240.61258
90,232.99837
110,252.00612
120,251.48424
130,235.68492
90,238.4592
100,212.93822
100,210.86497
110,222.31935
130,231.30916
120,232.78775
110,224.02061
100,220.439
120,192.22156
130,186.5717
120,200.69885
130,183.80014
120,184.61525
130,184.02902
130,179.00447
120,178.19362
120,171.02705
110,167.79854
60,159.29971
50,144.2218
50,152.3624
60,155.0212
40,142.72672
30,135.12712
30,144.85794
30,144.37315
50,146.6331
50,153.1158
60,153.31995
50,167.72655
60,162.81587
50,140.7651
60,150.04285
40,150.77278
50,154.38629
50,154.31245
40,147.1509
60,146.61021
50,146.88649
60,147.5305
60,141.63861
50,151.94637
50,134.73245
30,132.33983
20,128.87955
30,128.57372
50,126.79279
50,131.28398
60,125.43561
50,124.19042
50,119.942535
50,131.01941
60,132.9603
40,131.70393
60,136.06258
50,132.7619
60,133.16818
60,131.18376
40,128.45384
50,131.76738
50,132.19473
50,135.03163
50,134.76062
50,155.75456
50,162.09624
60,171.00291
60,178.47498
40,176.80649
60,173.64046
70,162.53918
70,163.73317
70,160.70811
90,169.32597
90,153.24222
60,173.83801
90,174.27599
60,176.38489
60,162.49483
60,174.4798
90,147.73015
150,132.02701
40,135.76212
50,134.5732
50,126.29973
50,136.00282
50,137.25337
50,178.02211
60,195.35779
50,192.68695
60,197.21722
50,195.84486
50,197.48752
50,196.66273
40,198.23901
50,199.76196
40,198.00455
40,198.1482
30,203.19551
30,224.35988
50,232.07236
50,232.07236
50,231.36604
50,242.13957
60,234.4235
50,235.3479
50,231.91547
60,241.44887
40,249.08313
60,237.1215
50,237.34389
50,236.8862
50,236.66101
50,245.26505
60,236.76451
50,249.1866
30,248.34285
30,267.11777
30,279.8701
40,269.1925
50,262.28668
60,264.0155
50,251.14308
60,251.10515
60,248.06451
40,246.81781
50,246.81781
50,250.07022
40,253.45285
60,255.46275
50,252.93446
60,245.49997
60,246.56268
40,244.19423
50,250.67482
50,252.21445
80,251.69595
50,251.17447
90,236.36029
170,237.49461
190,202.9577
100,190.2917
110,197.81697
110,186.02917
110,190.45952
150,207.62222
120,200.78038
110,221.74371
120,231.00085
120,231.06119
110,215.88382
110,194.73857
110,190.0821
120,180.99902
90,165.09755
60,149.76038
80,140.741
60,141.74448
90,145.97694
60,163.98206
50,137.21242
50,156.92572
50,155.811
60,135.62753
60,136.69273
50,142.28844
50,147.41528
50,147.801
50,145.448
50,150.18863
60,166.858
50,148.7833
40,151.71347
30,135.8631
20,133.36902
40,131.21913
50,122.37953
60,136.70453
40,123.93228
60,120.260765
60,134.78445
60,132.20541
50,125.783394
40,124.709984
60,132.27574
40,138.98051
60,137.92973
50,146.78867
60,146.78867
50,135.62389
50,127.22587
50,132.57611
30,140.36691
30,139.52681
30,135.90613
30,131.43277
60,126.16174
60,128.10109
60,149.5073
50,136.09097
50,143.90894
40,146.19467
50,145.1553
50,144.88779
50,144.88779
70,139.1059
60,139.87143
80,139.21634
50,131.45023
50,122.79147
30,121.35228
30,108.6121
40,124.61671
50,98.02694
100,98.99396
80,104.7743
60,102.2746
70,104.65149
60,96.29473
40,109.31907
60,126.49998
60,136.95287
60,140.11519
60,141.56456
50,152.37668
90,153.80983
60,168.02155
60,152.83496
20,140.08437
40,156.52545
80,149.15689
60,151.08792
70,191.31648
60,213.84628
60,196.91403
50,226.51093
50,216.8456
50,227.69492
70,231.48665
100,234.24783
60,229.52371
60,225.55817
50,229.71777
50,235.32573
50,229.50336
50,238.3906
40,236.14424
30,251.7432
30,244.54156
40,240.20746
60,236.46736
40,235.02971
50,228.01227
60,228.86691
60,233.9714
60,231.85376
50,226.78012
50,222.56096
50,224.17468
50,218.94066
90,219.92943
100,222.23201
110,191.90067
100,191.66609
100,192.48636
110,192.89511
60,192.51971
80,193.84238
50,194.36502
70,197.56285
90,206.20262
80,198.44019
70,198.17175
70,200.1763
60,198.66966
60,188.7048
80,187.409
80,221.30403
70,198.85701
80,220.8891
230,199.77359
250,216.81496
210,231.1612
110,216.87611
110,233.30733
150,213.4208
120,214.73578
120,207.79878
110,240.51653
100,240.55063
100,229.16566
110,214.57944
110,203.98677
110,202.45993
120,187.83405
80,187.57234
110,176.40465
80,187.30148
70,173.53961
50,154.48286
50,152.64667
50,143.13783
50,134.183
60,132.40262
40,131.34875
60,132.89465
60,135.10126
50,139.37361
60,137.3561
40,137.22563
50,141.28702
20,136.49779
30,131.84416
30,133.08217
60,133.05124
60,133.48103
60,135.34128
50,131.04027
50,128.27087
40,126.85295
50,126.85295
50,130.89667
60,131.86905
60,127.46713
60,129.0403
50,136.44301
50,136.60985
40,124.83652
50,129.86462
50,129.86462
50,127.62746
60,152.76825
50,131.46637
40,123.48356
30,127.72862
30,131.7496
30,132.66924
60,120.33074
40,121.22785
60,122.8552
50,116.8456
60,119.97395
50,122.92024
60,122.92024
80,119.19563
60,117.64309
60,126.46686
70,136.20879
80,127.38663
70,139.24918
120,117.49363
50,114.25976
50,114.25976
50,116.78054
30,119.74164
30,116.9072
30,122.413635
30,117.48958
60,118.80018
60,119.747055
50,121.360085
50,115.5821
50,108.2113
50,113.04318
50,114.41509
60,114.474396
50,122.079956
60,162.9863
50,173.5787
50,191.49382
50,210.58603
50,206.20178
50,206.88857
60,227.26271
70,228.78139
70,225.99893
40,229.7124
40,231.03299
30,237.03639
50,235.14653
50,240.08994
60,241.77132
50,238.74222
60,237.45955
60,231.9759
50,233.35056
50,232.38438
50,228.883
50,229.32442
50,225.49147
50,225.0863
60,224.08504
50,224.08504
60,224.52803
70,222.86497
70,223.64638
60,222.72177
70,230.94092
40,234.59862
60,231.93517
60,231.93517
60,245.74304
80,234.67787
60,235.51076
60,237.35365
50,236.9485
50,239.14708
80,235.50562
80,232.48563
110,228.85493
80,227.82353
90,227.82353
90,231.5165
70,231.5165
80,230.37631
80,231.35298
120,236.96619
230,239.03244
110,255.47017
120,248.73433
120,248.26186
150,237.81947
130,249.80592
120,242.98138
150,268.3291
130,240.20833
130,247.28206
130,245.68076
130,239.61111
100,239.1398
90,241.13832
120,239.66309
200,243.61993
110,244.82466
120,242.02116
70,250.42905
70,242.17973
70,239.7912
60,231.57646
70,238.63083
70,243.37177
80,243.37177
70,242.09097
70,237.74295
70,237.74884
60,237.8138
70,235.0103
60,242.39433
70,243.5594
60,211.2308
70,208.8948
80,216.56422
70,220.75859
70,222.87091
70,218.38567
60,218.04997
70,221.4027
60,220.38013
40,224.29219
50,223.54907
50,224.85608
60,224.57085
80,226.40343
60,232.84602
70,224.72504
70,223.39711
60,224.91322
70,226.12775
60,225.42596
80,213.72017
70,216.06189
70,222.92062
70,218.58199
60,217.46971
60,215.04874
70,194.4158
70,193.96442
60,192.94258
80,192.46007
70,189.96585
70,189.96585
70,169.39445
50,174.31602
70,173.52313
60,180.5707
70,200.38164
70,194.82494
70,192.5997
80,172.42252
120,185.75021
50,173.38635
40,182.5797
50,175.76054
70,193.25552
70,190.58731
90,194.28899
110,176.15413
80,176.9843
100,183.46994
70,174.99767
100,144.04047
80,185.94603
80,188.81224
70,203.64937
130,218.20697
250,245.7559
220,264.23425
160,251.5082
130,251.93735
90,250.1898
240,235.12859
110,231.02565
80,237.08864
90,237.83882
80,235.70149
90,234.26842
80,235.71965
80,234.84319
60,237.29535
150,243.45534
120,241.1888
130,242.55412
170,243.55025
230,203.30147
180,197.1759
110,199.07307
110,213.87158
110,216.6887
110,239.04216
110,232.32237
120,228.42921
100,233.23459
100,234.0886
90,237.46255
90,233.7948
120,234.00523
100,236.55919
110,245.01317
100,240.41429
110,249.04326
100,217.13266
100,224.80641
90,223.14296
50,236.08322
50,215.47946
40,191.23203
50,206.42686
60,195.47923
50,193.8661
60,190.77615
50,193.86646
60,187.23972
60,157.44551
60,155.0808
50,157.67809
50,150.16347
50,150.16803
60,148.70602
50,150.69017
60,148.1152
60,146.96233
50,141.52582
60,141.6142
60,131.28758
50,136.87291
50,139.74507
50,140.58817
40,139.2955
50,139.36159
60,134.54955
50,132.17421
60,133.20982
60,135.65292
50,132.62288
60,134.9893
60,133.09424
50,139.24875
50,143.24896
50,142.8341
50,143.21982
50,141.6549
60,140.86421
40,141.9847
70,143.14444
50,141.9847
60,142.89096
50,150.98586
60,146.55876
50,143.9988
50,139.19318
50,138.78798
50,146.02933
50,143.40454
50,139.0213
60,136.6055
50,133.27518
60,133.27518
50,133.27518
60,137.40308
60,143.04482
50,136.42982
50,145.49591
50,141.05319
50,141.82866
60,146.64795
80,132.95407
50,121.83925
60,129.46414
50,118.70975
80,110.06797
80,118.82382
50,127.11482
70,125.70661
180,134.19154
190,126.49496
120,133.9634
130,158.01523
130,163.05669
120,168.24385
140,175.88272
100,178.91873
110,165.17865
210,171.42789
90,180.19728
100,176.34004
90,180.60602
90,177.95505
100,189.22336
100,155.45772
100,165.39436
130,179.89156
110,186.37314
110,177.20914
110,173.23265
110,146.75227
110,179.00888
110,192.16542
110,173.54443
110,173.50555
80,181.47552
90,160.05621
80,190.23332
80,190.23332
70,194.66231
80,157.94324
80,159.34622
70,159.19029
60,159.97414
60,153.64186
60,151.01549
80,146.65172
80,156.09062
80,167.6244
70,152.96764
80,153.09436
80,153.20398
190,153.45142
200,154.1812
120,135.73247
120,143.43443
140,131.93379
110,136.55399
110,147.46373
120,139.5595
100,136.70464
120,129.15474
120,142.14459
120,141.14735
110,142.2962
110,142.59457
110,140.36902
100,140.78864
110,136.7852
60,155.42357
70,136.8356
60,145.72818
70,140.63667
90,168.78444
60,136.8446
60,135.30888
60,140.79758
60,146.44492
50,117.58214
60,139.17172
60,138.37157
60,135.77328
60,139.79091
60,147.12468
60,150.97406
60,151.53526
50,146.86708
50,153.43477
60,136.36647
60,136.36647
50,125.70064
60,121.29341
60,126.72166
60,115.0824
60,123.68825
60,121.235916
30,130.65479
40,131.91394
30,128.20802
30,130.28833
60,126.24355
70,122.98205
70,117.264915
50,119.2257
70,118.78586
50,119.34809
50,120.85043
60,118.48071
50,118.21617
60,138.7126
50,139.38356
60,140.08597
70,144.99461
50,150.32109
70,150.70348
50,151.33943
50,151.6949
50,149.80258
60,156.06453
50,144.4777
60,151.54358
60,146.34642
60,138.94485
60,139.6358
50,140.67403
50,140.5601
40,150.17453
50,151.32301
70,143.63443
70,147.26146
70,164.39418
70,144.89487
80,159.82648
100,143.3892
80,139.24945
70,143.47903
120,160.05615
70,165.13223
70,149.24734
140,159.21747
100,167.84352
100,168.06068
120,150.71281
80,156.36684
90,147.52882
100,137.48822
90,137.0472
100,133.85628
90,125.511345
90,138.03844
80,149.56918
80,136.2452
220,126.23025
90,115.81601
70,116.09498
70,112.569115
60,103.12193
80,106.574234
60,105.0121
70,134.22136
60,97.95356
60,104.80552
70,109.18817
60,110.32311
50,112.07532
50,107.41094
50,107.605675
60,106.592186
70,121.359924
60,105.051094
60,101.60825
70,104.98485
70,107.50062
80,109.925964
60,109.273186
80,107.404724
70,103.934166
60,121.32461
60,110.39501
60,105.63238
80,107.88149
80,114.73412
80,136.70442
100,136.81935
90,142.10176
110,137.76997
100,138.42543
110,144.9564
120,139.33772
120,128.67166
110,126.611565
110,129.59145
110,138.61014
110,142.66011
110,145.92241
100,145.92241
100,148.04881
90,148.60374
70,138.42845
100,140.25818
100,135.35829
120,140.34439
110,143.4299
110,153.45189
110,164.34093
110,162.16583
110,171.55644
100,174.49033
90,166.06865
110,174.27113
90,172.98224
90,174.39409
80,176.30154
80,178.38115
80,181.96623
80,165.79579
80,153.43187
70,170.35771
70,171.62979
60,164.30774
60,162.98752
60,153.02345
80,157.77307
70,145.16997
80,147.41405
80,146.86229
70,149.67491
80,149.10033
70,148.87425
70,145.17981
80,146.47174
60,145.22827
70,142.44466
60,140.7438
70,135.47855
70,140.65555
60,141.63428
80,147.53775
70,142.60815
60,142.80273
70,144.77243
70,140.7109
60,143.43811
40,142.18538
40,140.68855
50,143.61137
70,143.40315
80,138.831
70,137.97774
70,142.52615
60,143.5688
60,143.5688
70,143.35191
60,142.8043
70,152.47063
70,147.48158
80,148.64188
110,153.99823
60,169.86215
60,188.89426
70,179.10942
70,173.01025
110,172.9297
60,183.08023
30,174.85794
40,175.0326
30,156.44899
60,154.73282
60,173.16042
40,153.00124
50,154.34335
60,147.13478
70,146.52797
70,148.34908
70,163.98262
70,153.94283
60,156.71222
60,167.9008
70,165.48311
60,174.58827
70,170.22636
60,180.98643
70,182.70633
60,164.8677
40,169.95653
50,172.62202
40,175.27658
60,185.91423
70,194.74777
60,187.63087
70,197.61017
70,186.45235
70,198.23218
60,186.57933
60,200.377
70,197.81087
60,182.77817
60,214.5784
60,231.93184
70,195.29463
70,217.86327
60,240.75085
80,248.20082
60,237.62616
60,249.97368
50,242.87239
40,194.89809
50,209.47531
50,199.54552
60,202.83272
70,187.31407
60,198.66356
60,184.87306
70,195.85626
70,204.15955
60,206.25255
60,210.30742
70,201.81758
60,215.39745
80,206.49791
60,202.86893
60,192.29466
60,195.8992
50,202.52974
70,191.71553
90,193.26558
80,193.73582
90,187.44102
80,202.91885
80,198.90982
170,201.1461
250,174.34674
110,167.23842
110,159.68471
120,154.07237
120,169.18265
110,156.30363
110,161.71872
170,159.91039
110,139.12679
90,142.71797
100,140.97215
100,140.5558
100,155.0125
100,162.15088
120,169.29834
120,165.63687
120,166.3275
100,171.48369
100,166.6344
90,160.22478
70,159.91101
60,157.8894
80,159.36789
70,158.86786
60,150.32225
60,147.49649
60,152.21175
60,145.221
60,151.96802
70,162.33768
70,180.19414
70,173.96819
70,171.68204
60,185.26105
60,174.80835
60,163.7435
70,165.8199
60,166.7475
40,158.8458
60,153.94525
50,142.74304
60,152.0008
50,137.09332
50,124.16279
50,137.32126
50,111.20987
50,104.18945
60,106.59748
60,105.379196
50,103.15774
50,110.3397
60,122.747055
40,128.15952
50,127.8509
50,129.01617
50,119.51647
60,120.48983
50,116.11132
60,113.879074
50,113.17665
30,113.64363
30,114.49766
20,114.13676
40,113.1982
50,109.91275
60,116.61719
60,116.61719
50,116.53148
70,116.53148
80,112.944176
50,110.96571
60,107.319664
150,116.06228
70,116.65613
70,121.863495
100,121.863495
60,131.64178
70,123.418365
50,120.46004
40,120.98143
40,118.55971
40,117.8884
60,111.54854
220,120.201065
50,122.24561
50,107.771454
50,98.826706
50,106.737785
50,106.90845
40,110.73071
60,115.95187
60,117.72939
60,122.57753
60,121.19372
50,115.250145
50,116.18628
50,123.497505
40,114.035545
50,135.39569
30,138.01247
40,134.49176
30,133.43053
50,131.35608
60,126.12838
40,128.75656
50,132.52129
50,124.62722
50,128.06598
60,126.82074
50,133.81354
60,135.28116
50,133.6446
60,138.99637
50,142.81108
40,141.38696
50,147.13397
50,145.21718
60,149.15
60,147.44208
40,148.88101
40,146.02405
30,145.62875
30,145.11917
40,143.83453
50,136.39487
50,131.37025
60,131.24098
50,128.54741
60,130.65355
50,132.26013
50,130.39317
50,134.98402
50,130.56705
50,132.0933
70,144.54764
90,140.26492
120,138.88113
100,137.28976
90,146.10489
100,147.56685
110,144.90556
210,157.74467
100,129.85191
100,123.46073
100,128.92683
80,134.97084
70,148.74086
100,147.20781
140,158.32181
120,156.97722
130,161.92516
130,147.6448
100,137.25797
110,143.66815
100,142.49667
100,144.86415
100,145.21013
100,150.43622
100,157.47783
90,159.9338
80,159.83368
90,154.55722
80,166.91821
80,157.58957
70,145.41936
50,133.56389
40,132.39143
30,126.34273
30,139.92914
40,141.1276
60,139.6002
60,140.8418
50,130.12883
50,131.32468
40,130.09499
50,120.9293
60,121.96878
50,121.66581
60,121.18608
60,120.394325
60,119.42616
50,115.12646
50,120.033104
50,120.00163
40,119.834366
50,120.00163
60,124.09033
30,124.25598
40,124.25598
40,123.65599
30,121.51555
50,119.98858
50,116.77966
50,117.79703
50,115.263824
50,115.263824
50,113.72204
60,119.0463
40,120.73236
70,127.69422
50,121.30162
40,121.049286
60,118.8277
40,115.00249
60,112.67259
50,111.75345
50,113.23623
60,120.817
80,117.79062
20,120.52649
30,121.120575
30,133.59155
40,136.44453
60,134.84909
80,124.426506
70,109.23358
70,113.51641
60,119.43886
50,122.115036
60,116.82664
60,120.1455
60,124.666245
80,117.74621
60,118.41166
70,105.830414
70,124.3715
50,119.7298
70,110.46463
40,119.01139
40,114.22208
90,120.40228
70,123.20347
110,122.56331
80,121.16421
80,135.77643
60,143.31732
60,139.30482
90,141.99908
90,146.34988
100,136.834
80,143.23047
70,132.11597
110,117.05188
50,119.23515
40,141.61057
40,125.62932
20,121.528656
50,110.4369
70,101.88152
70,101.16291
70,101.336266
70,117.59586
60,125.83866
60,126.49375
60,149.06204
70,161.9255
70,171.70271
90,174.04872
150,185.05446
90,177.86273
80,163.60548
100,156.93661
60,157.08168
60,156.62589
70,160.36078
70,159.10638
90,167.46352
90,168.7129
80,169.74745
90,171.34856
100,171.34856
100,167.12727
100,174.90695
100,178.81358
110,175.54013
100,177.32115
100,174.77016
90,180.98549
100,179.86665
70,177.38124
60,183.17622
70,159.55923
90,153.45953
120,153.6047
110,162.2024
160,158.80074
180,156.736
100,149.7844
100,154.29564
100,163.7332
140,160.5027
100,156.07492
100,157.62794
120,147.35698
100,148.0224
90,159.44106
110,166.49376
100,172.72015
100,171.64233
110,164.24176
100,164.302
110,143.13402
130,164.23607
80,147.42076
70,150.73622
60,130.06403
50,139.43137
60,143.9208
70,128.96716
80,153.71718
70,157.05847
70,142.2484
80,165.58093
70,145.05899
60,160.69112
70,153.41754
70,142.95894
70,145.48753
70,129.41545
60,132.4438
60,129.42393
60,112.573204
40,121.506645
40,106.83509
50,98.01488
40,83.490906
50,82.98672
60,85.07682
40,82.834
50,87.195946
50,79.12662
60,77.61421
50,77.04748
60,76.90821
60,83.40925
50,87.334854
50,80.81723
50,85.033485
50,85.851944
50,84.48368
50,81.74321
30,86.33256
40,94.90049
40,98.90974
30,108.04666
60,100.161896
40,105.61334
50,103.780876
50,100.000435
50,97.06605
60,97.87132
60,94.565094
80,93.816086
60,98.91464
50,114.44693
160,111.41531
80,108.90259
70,112.04116
60,110.70791
70,109.99988
60,109.37355
70,111.67086
80,110.52275
70,111.29708
70,107.09969
90,112.44566
80,107.49722
70,120.650566
80,120.05597
70,149.4385
70,161.58987
80,183.45975
80,175.2739
60,172.98666
60,177.55693
60,158.31738
60,158.74222
80,149.32379
90,169.55641
70,197.72743
70,189.5132
90,182.98933
80,198.52692
70,197.04831
70,197.58186
60,189.37715
70,169.89532
40,176.2157
50,175.0467
50,175.47498
60,167.4804
50,154.63126
30,134.67776
30,130.69934
40,129.84593
30,132.13013
60,125.298325
50,127.91467
50,130.44441
60,141.9451
60,129.25117
50,144.83478
40,145.33934
50,166.77219
50,169.15736
50,171.2718
50,167.83244
60,167.44908
80,173.59488
80,174.94397
70,168.94093
50,169.3001
50,162.17403
50,195.3504
120,195.28899
240,200.24007
120,210.07365
120,217.77846
120,208.56592
130,207.60277
120,206.79147
140,190.0684
230,189.11336
200,164.43365
150,161.60316
120,152.57162
90,149.43774
90,184.32874
70,149.29651
90,141.5782
90,141.33742
110,144.01242
130,137.90236
110,99.88554
100,114.86347
80,123.60186
50,120.93517
50,118.52746
50,125.79294
40,132.93437
60,141.83618
60,144.90565
50,147.08488
60,135.59541
50,135.18608
40,142.39221
50,132.858
50,128.66754
60,129.36972
60,139.61662
50,135.602
50,122.42331
40,120.81473
30,116.21655
20,115.92089
40,103.193184
50,102.91596
50,97.026535
60,104.41887
50,100.47207
70,106.8237
50,103.314644
50,102.77246
50,104.84323
50,104.84323
50,107.55659
50,107.55659
50,106.16159
60,96.04668
50,98.864685
60,98.317345
50,97.82191
50,99.019066
50,99.32954
40,98.914116
40,100.72124
30,114.62832
40,115.17566
40,115.92196
50,115.92196
50,115.92196
50,115.92196
50,121.48302
50,121.48302
50,117.74908
50,110.17292
60,104.08087
50,103.7357
60,108.55487
60,108.33292
70,113.34464
100,98.05955
60,99.780334
60,103.92277
130,121.82592
250,133.7231
250,128.8672
80,133.70099
100,127.03168
70,131.4218
90,154.42535
60,146.65102
70,141.90715
50,127.31169
40,130.19756
50,119.77311
60,124.75385
60,134.53772
60,127.75654
50,120.6072
50,124.84272
20,132.1501
30,134.28807
20,147.5639
40,153.98274
70,153.62672
60,154.5393
240,161.75467
220,171.19843
110,170.86937
80,178.69609
50,179.58934
60,179.23921
50,189.09372
250,151.91635
220,156.1984
220,156.95732
190,150.78055
70,160.28825
50,153.28229
50,152.66338
60,146.37823
60,179.99463
50,178.39986
60,177.58728
60,178.49765
70,188.64883
80,187.90396
90,190.3687
70,188.20212
100,191.8882
140,195.28589
90,187.639
80,180.83463
80,176.27386
100,177.40887
120,152.51384
130,158.56827
130,156.25262
120,144.53883
110,144.46352
100,146.53981
150,141.84213
130,147.45634
100,151.90656
100,149.5676
120,145.21104
100,147.99606
120,147.66681
100,146.91338
110,160.20451
100,159.84186
80,156.39748
80,156.39748
60,156.5452
60,143.23395
60,152.66362
60,143.57954
60,148.78642
50,148.14081
50,144.1302
50,127.60664
40,127.273026
50,128.72574
60,128.65965
60,129.22652
50,122.662735
60,120.985596
40,116.27161
60,128.85143
50,125.38343
50,131.9204
40,132.25629
60,126.475746
50,126.51316
60,126.18083
50,126.27351
50,126.3481
40,127.3214
50,129.76588
40,122.398834
30,123.681755
40,127.75964
30,129.24507
40,121.04848
60,130.42554
50,134.38841
50,133.83583
40,134.31548
50,133.5575
40,133.74213
60,124.11426
60,128.20299
60,129.13199
60,132.90695
60,110.15299
40,117.92626
50,121.22826
50,114.530716
50,120.42038
60,116.537445
50,118.49866
60,119.625244
50,119.625244
60,116.3871
50,116.3871
50,116.3871
40,116.603325
20,115.06113
30,107.29982
40,107.69434
60,105.434715
50,105.01318
50,105.08036
60,114.53674
80,114.37445
80,130.31648
50,129.80809
70,131.69249
190,175.47664
150,163.771
130,153.94635
240,202.91846
160,198.46915
90,199.09416
70,192.42136
80,190.6081
80,179.69548
80,182.02657
210,168.46783
100,168.8837
100,192.9791
90,184.2047
100,189.71397
110,189.65724
100,196.42383
80,194.78061
90,205.18335
90,192.5413
80,190.71452
90,182.04362
90,187.57426
250,196.86003
190,217.05315
100,201.31223
90,155.62291
230,188.5758
160,198.44753
90,178.66545
70,176.4157
70,193.26569
70,184.27875
70,183.9233
70,181.74542
70,181.45009
70,182.89917
70,158.67043
80,155.4619
60,156.24826
50,209.68958
60,197.76909
40,166.75774
70,157.27774
70,155.12209
60,149.12747
80,143.83237
70,146.01317
80,144.98181
70,152.36432
70,149.02786
70,145.50961
70,145.82416
70,153.41801
70,139.15297
60,126.873764
70,126.873764
80,124.50615
110,145.17137
70,127.697205
50,133.22023
50,123.8765
40,119.78069
20,113.50414
40,116.40356
30,116.055565
70,122.23862
50,122.49979
60,121.93931
50,127.41874
50,127.64141
60,126.29211
40,128.24973
60,121.21524
50,122.99541
60,122.60353
50,125.966644
60,126.82876
50,127.095695
40,123.87468
50,123.00642
40,124.03644
50,123.689476
50,119.60006
60,119.613716
50,118.31679
60,115.862465
40,111.072624
20,108.300186
40,107.63779
40,109.293304
50,115.54509
50,109.27311
60,104.6031
50,111.65284
60,106.639694
50,119.17844
50,117.44449
50,111.84004
50,114.28771
50,121.453835
60,114.0976
50,112.21009
60,113.86155
60,114.264404
50,128.69188
50,131.69531
50,131.86627
50,120.92022
50,126.1386
60,130.84279
60,134.03285
80,144.29927
50,149.38885
50,149.5729
60,147.21281
60,175.11272
60,141.22499
60,139.87816
70,122.560425
200,131.76344
160,145.67136
50,149.3832
160,170.13266
60,172.70546
60,181.17903
50,176.88893
40,168.39957
60,175.97467
60,177.40884
60,214.02298
70,210.28128
90,198.13911
80,195.08136
80,204.20946
90,205.3343
100,211.0975
100,210.31143
100,205.63348
90,234.66316
100,240.39919
90,243.44858
100,243.17221
90,244.06152
110,229.1143
90,228.03084
100,230.01927
90,236.99442
70,243.14696
60,237.73491
60,237.02754
80,234.2823
80,232.04887
120,232.57076
120,205.99791
110,202.50824
140,197.86891
110,192.61551
110,198.17859
110,201.33096
120,189.9736
100,195.97728
80,201.1301
100,210.84703
250,205.05386
110,209.60356
130,213.01212
240,191.2748
220,194.14444
100,199.55223
120,199.55223
110,199.9745
120,202.50227
120,205.12575
100,191.77003
170,176.10591
100,178.2812
90,175.8364
90,176.01447
90,179.09802
120,152.20697
120,162.64651
110,169.23785
110,171.1021
100,171.0536
100,179.25836
70,163.5195
80,166.92514
80,145.90799
80,141.17545
80,137.41515
90,140.46057
80,145.11261
70,140.88376
60,135.695
40,135.78221
40,130.58156
30,125.54973
50,116.76031
60,112.58044
60,117.58628
50,119.505974
50,122.706406
50,118.659935
60,119.6445
50,128.01971
60,124.96075
60,123.65657
60,122.06042
50,120.39717
50,110.39992
50,108.89476
50,124.53431
50,124.7823
20,128.15048
40,129.32468
30,124.93412
50,122.23991
60,127.79934
40,113.63084
50,107.5413
50,100.00603
50,99.60542
60,102.36808
60,105.67622
50,106.79052
50,101.29079
50,98.17441
50,97.02499
50,97.62499
60,104.69236
50,101.88982
70,107.44057
70,105.03508
40,107.04617
40,98.45664
230,101.17961
170,100.731964
60,101.72385
70,101.72385
90,100.32048
80,101.1288
80,106.05194
80,105.41909
80,99.97438
80,104.78609
70,109.63336
80,139.27574
80,150.22064
50,144.61115
50,152.76735
40,182.93289
50,220.9376
50,213.91222
50,208.00969
60,217.36255
50,220.10408
70,221.16594
50,241.10066
50,241.10066
60,242.0194
50,239.08829
50,236.39572
50,241.8932
50,241.24321
60,237.70694
50,240.21399
60,238.11685
50,217.71155
50,213.38197
50,212.00856
50,212.00856
60,214.70624
70,210.64186
80,210.64186
100,210.1424
90,218.0734
90,213.32008
70,209.56953
80,211.84789
70,199.8201
90,176.8733
80,174.75027
100,167.24042
90,162.4975
80,164.23067
80,165.07628
80,164.1228
70,171.87428
80,173.8068
90,177.5239
90,185.84709
80,179.58931
80,176.37453
70,180.21497
80,178.2853
60,175.12715
40,185.95372
50,175.3723
70,175.02663
90,191.651
240,238.39365
210,211.08913
170,222.65376
120,233.66881
100,226.98537
120,226.60822
120,260.71368
130,226.8142
130,231.90422
120,229.48112
120,225.1998
140,254.07022
150,221.45897
150,262.67325
150,259.0217
140,261.8726
130,224.32545
100,221.68053
80,223.28026
60,252.89523
30,245.09122
40,249.8591
40,243.67596
80,265.36963
70,255.31639
60,246.12595
70,244.07585
60,248.70738
70,251.73204
50,261.50415
80,244.20174
60,244.64796
60,213.57181
70,206.87712
50,212.81349
50,212.48495
50,220.64375
50,208.24733
40,209.57698
60,202.68767
60,209.39977
60,212.00905
60,214.08551
50,208.41803
40,204.71382
20,202.8907
30,194.7219
30,186.02142
50,171.52069
60,157.5027
60,151.25623
60,133.90884
60,138.73709
50,139.12598
50,150.06897
40,145.44855
50,139.1788
50,135.38899
50,143.1449
60,139.15709
50,136.83688
60,138.71623
40,141.97868
50,138.89615
50,132.35852
50,134.28278
50,132.02791
60,132.83607
70,130.58302
70,130.65054
30,122.90219
40,157.08798
50,132.95197
50,128.8494
60,124.96561
110,122.92096
70,153.65585
50,127.65028
60,123.91827
60,132.29134
60,123.17874
50,123.28935
50,122.6296
50,123.57217
50,118.64434
40,160.03433
70,124.66567
50,119.22769
60,164.98302
50,181.87186
50,185.59026
50,213.00757
30,216.29773
30,207.24925
20,231.51454
40,256.4818
60,233.81369
60,245.7769
50,249.10515
60,243.96072
50,237.80615
40,247.68172
60,257.65277
50,254.58888
50,262.53372
60,249.04213
60,248.77246
50,250.36383
50,250.2802
50,249.89293
50,254.95567
60,251.60258
40,252.11427
60,251.57996
60,248.33025
50,249.25398
60,254.92165
40,257.93655
30,265.75137
30,251.66376
20,252.18564
60,254.4227
50,252.2906
70,244.76869
60,242.05675
60,241.12231
50,241.40234
50,243.24962
40,236.96945
50,236.96945
50,249.08409
50,246.66312
60,244.67029
50,244.73044
60,245.21295
60,240.49736
60,240.47954
60,239.11095
80,239.70099
70,241.42068
90,223.16273
150,219.29878
120,224.70966
140,212.52628
150,214.981
120,215.91156
130,212.3244
130,213.9754
130,214.03555
130,214.51807
170,190.39914
210,191.75812
110,194.27309
100,191.7027
110,190.86345
90,186.72502
120,203.12773
130,172.36533
130,186.66269
120,184.60704
120,185.37454
60,196.48245
60,174.59547
50,178.65077
60,184.08003
60,163.9573
50,165.56421
60,169.74597
60,161.54239
60,153.57892
50,153.75162
40,151.16672
60,146.01451
50,149.1848
50,141.18452
40,142.98499
30,140.46242
40,131.28122
40,126.248795
40,125.57256
50,121.90848
60,136.2643
50,131.44579
50,141.5456
60,138.82443
60,143.6241
50,131.14766
60,130.66722
50,135.26816
50,129.07005
50,127.93896
50,119.56037
40,138.42252
60,135.32173
60,133.01166
60,134.44115
60,141.06837
50,140.65399
50,141.55977
50,139.58704
20,139.28276
30,138.32607
30,143.06064
30,137.37791
60,137.83539
50,138.39714
60,141.88268
40,132.18431
60,136.63081
70,133.91719
70,152.11852
70,122.039406
70,123.31347
70,138.44041
50,126.95684
70,127.66234
150,136.54573
60,135.48499
70,140.57632
60,141.1122
70,144.7004
50,144.49878
60,151.65045
50,148.4631
50,150.21303
80,132.43694
60,159.91006
70,217.44379
70,217.91649
80,215.25102
90,212.19058
70,235.59647
80,228.52008
60,257.0997
50,248.0342
80,207.86166
80,208.2916
80,210.24251
80,212.02524
120,209.94283
90,226.54552
50,225.73802
70,197.02359
60,204.47173
90,229.15414
80,202.57126
80,202.63904
80,188.01788
60,216.60489
70,187.51553
60,189.55972
60,223.02965
70,202.08655
70,191.88812
80,191.91594
70,217.9977
70,196.07635
70,185.09547
60,206.64624
70,182.66298
60,181.9612
70,209.0495
70,182.40147
70,182.31572
80,181.59166
70,208.4827
80,181.59166
70,181.59166
70,181.59166
50,182.90463
60,182.90463
80,196.63277
90,196.63277
90,209.40292
80,208.81693
80,209.0198
70,210.13878
80,211.78978
90,210.6708
90,210.6708
130,210.6708
120,207.77739
130,207.72829
120,207.93872
130,207.17436
120,214.94409
200,214.94409
120,213.29309
110,220.23515
120,229.9344
130,229.41252
130,229.41252
110,230.5315
120,229.94257
90,232.22328
90,232.22328
80,234.18526
80,235.6411
100,238.93402
110,238.93402
110,249.03069
120,217.1996
80,214.35675
80,210.87439
80,208.79173
70,206.71643
80,205.43076
60,191.04028
50,197.55286
70,208.25758
50,206.65541
60,208.11029
50,193.38791
50,185.97453
60,186.17146
50,186.22278
50,189.68054
60,184.10094
50,180.6086
60,182.99448
40,182.65878
40,180.65666
20,180.65666
40,180.65666
50,179.74411
50,181.7153
50,177.93295
60,178.87186
60,176.52364
60,184.64084
60,179.5174
50,178.8371
50,157.22697
50,157.22697
40,155.0106
50,171.38191
60,171.38191
60,171.98354
60,175.11432
60,171.62213
60,155.25089
50,153.43665
50,153.46693
50,152.87646
40,150.11765
50,128.34738
60,134.27385
50,137.4751
60,133.80533
50,133.17844
30,137.52507
20,137.52507
30,136.92119
30,136.92119
50,140.67784
70,138.21376
60,133.07677
60,134.78186
50,130.78226
60,128.83633
50,126.66609
70,140.97055
170,131.64565
150,121.708664
70,129.86224
110,155.35834
100,153.66217
120,191.68793
80,192.87486
90,199.33537
120,214.3579
240,214.85161
120,218.1116
70,218.1116
90,218.56577
80,220.60823
70,220.60823
80,235.58678
110,188.1529
90,197.99579
100,188.91853
100,218.76941
100,190.47633
80,181.85402
80,176.42035
90,176.0022
90,178.02847
90,177.64807
90,209.33171
90,168.8321
90,165.52858
160,213.98392
140,190.84653
80,188.4715
70,217.28554
80,196.69035
30,207.39891
30,204.31116
40,205.21686
20,206.35818
70,206.53473
60,202.2311
60,199.322
60,197.05246
60,201.95888
50,203.09158
50,202.34966
50,202.95734
50,208.50655
70,209.06938
60,205.03629
60,205.03629
60,205.49045
50,212.4325
50,228.40482
50,225.81029
60,218.79846
40,221.08316
60,221.08316
50,215.6495
60,215.02539
50,214.41557
60,214.41557
210,214.41557
150,212.88461
90,219.38283
90,228.8357
80,225.16931
70,248.71376
80,225.16931
120,198.46527
110,209.95592
90,217.3679
100,217.77306
90,208.73766
100,209.845
100,207.85562
90,219.06938
90,213.04587
110,209.15578
100,213.9992
90,217.27626
100,244.05165
70,237.43182
50,214.1654
50,212.52675
70,205.88805
60,223.1385
50,224.746
70,270.2778
50,221.60194
60,218.76741
50,245.49791
50,226.65681
60,194.03435
50,195.0533
50,196.7361
60,206.80504
60,195.66245
50,187.53667
50,179.65817
20,222.46849
40,222.1337
40,216.81418
50,216.3405
60,217.58244
50,222.83876
60,187.06418
60,168.8892
60,168.36746
60,168.37904
50,170.92505
40,170.86009
50,168.04323
60,169.0658
40,157.41568
60,155.60146
60,160.95728
60,154.56398
50,152.39227
60,160.39209
70,158.09755
50,158.09755
50,163.33855
50,186.25302
50,178.19807
40,178.19807
60,176.02963
50,176.02963
60,183.36526
50,182.43341
50,182.31151
50,178.77539
40,178.77539
60,176.78622
50,176.78622
50,179.64621
80,179.3269
110,192.20206
80,161.49664
70,162.39827
60,159.84523
60,158.51245
70,160.26454
150,228.37444
70,211.98756
110,215.10023
110,213.77383
100,213.20898
100,235.67166
80,238.90321
90,237.91232
110,227.36641
90,236.42365
120,241.46947
110,235.20393
70,233.52386
100,233.52386
70,234.08408
70,234.9794
60,234.72983
60,234.28787
80,234.30458
70,234.13895
80,233.4771
110,234.49313
80,243.42068
100,228.85402
120,224.85576
80,229.02444
90,226.91403
90,225.89798
90,229.41609
70,243.14427
70,256.0801
70,256.43814
70,259.30182
70,259.30182
140,255.8018
190,256.50528
150,256.50528
80,255.44994
80,255.2842
70,252.37048
80,273.36087
70,260.87723
70,260.87723
70,260.87723
70,260.15335
70,261.0609
60,261.15475
70,262.5702
80,262.5702
90,275.05112
90,261.842
100,263.8783
90,255.37425
100,257.96674
90,260.89508
230,260.89508
230,261.49374
200,268.7652
190,291.00812
100,265.3294
110,267.11682
110,264.1394
110,270.26205
110,265.74753
140,269.45737
150,246.7372
140,241.75003
130,250.93088
130,249.82224
140,254.87306
120,228.17645
100,226.95293
80,227.92497
90,228.66316
80,263.44412
80,235.20856
80,235.68645
50,234.65924
50,232.43549
60,231.91434
50,225.8881
50,224.59282
50,223.54276
50,225.14499
60,223.0907
60,235.35362
60,230.33202
60,229.9431
60,262.9373
50,224.52692
60,219.00049
50,219.64682
50,214.07362
50,215.2647
50,220.93608
60,222.29362
50,224.83171
60,228.20586
60,218.35938
60,216.71347
60,213.98196
60,210.16116
40,209.69795
60,207.15987
40,207.15987
60,201.81035
40,204.594
60,204.04257
60,201.89803
50,197.69452
70,198.90784
50,191.8024
60,192.42065
50,183.16927
50,177.6069
50,202.86127
60,205.82773
40,180.58467
60,177.54926
60,201.7031
60,201.8696
60,206.4057
50,207.81061
50,207.42822
50,210.54367
50,207.42702
50,207.42702
40,204.6541
50,205.93417
50,205.93417
60,205.93417
60,206.52045
60,209.49664
50,210.58588
60,212.38057
60,212.36926
100,197.78659
90,202.09462
90,192.04091
100,203.58255
120,206.17894
200,220.06946
130,222.67033
80,227.25876
210,229.3295
240,229.71329
210,230.386
80,237.95042
100,237.58653
90,232.01656
110,225.73772
120,229.68234
120,235.6888
140,235.6888
120,234.21736
100,234.21736
250,234.08435
100,231.67677
90,229.28625
80,230.08975
100,235.5249
80,238.37703
90,236.85934
80,235.8809
80,272.6595
80,237.33102
70,270.8144
80,237.75894
70,237.75894
70,233.45259
70,231.49275
80,243.9197
100,240.36754
90,238.25975
90,231.03636
100,225.73705
110,225.73705
110,244.76448
100,266.10507
110,266.79187
100,265.89597
90,272.54526
100,272.54526
90,266.4855
100,266.4855
90,260.9011
90,260.9011
80,261.38562
90,261.38562
80,261.42126
90,263.3957
90,269.0157
80,265.5157
70,264.49774
80,264.49774
230,265.7109
100,252.08871
110,278.98862
120,274.28748
130,266.78323
120,268.05035
140,268.07556
100,274.9027
110,245.34608
100,248.08963
100,249.78854
100,222.39403
100,225.59517
70,231.8712
50,233.15373
50,259.1489
60,226.39787
60,222.88756
50,224.52779
60,217.46465
60,217.86827
70,256.40173
60,214.00644
70,212.21861
50,212.4961
50,213.7499
50,220.30334
60,214.63773
50,215.52364
50,214.36646
60,211.57549
60,215.82875
60,223.92664
60,223.92664
60,225.85553
60,218.50485
50,216.15497
60,211.26126
60,213.7252
60,214.41966
50,209.30913
40,209.30913
60,215.35368
50,215.7443
50,215.14824
50,215.14824
60,210.9983
50,213.96718
60,212.92668
60,213.8034
50,211.23125
60,210.59225
50,208.17386
60,207.12073
60,207.12073
50,205.79585
60,204.20123
50,197.09367
40,198.01695
50,197.13237
50,197.13237
50,196.49551
60,198.97058
60,198.53613
60,197.06517
50,199.36781
60,199.36781
50,199.95174
60,199.18648
50,200.25575
60,200.25575
50,200.25575
50,196.64153
50,203.14313
40,200.29225
60,202.33748
40,199.45377
50,200.63124
60,202.40504
90,211.26064
60,204.57208
70,204.15141
60,230.84052
130,180.13655
70,202.56673
230,221.38773
60,219.3854
80,218.9948
80,228.28732
80,215.32991
180,220.34404
50,221.87364
60,222.5568
50,218.51456
60,229.17671
50,218.9007
50,214.92276
50,217.47604
50,218.9416
60,212.29042
40,214.01126
60,217.33527
50,237.93248
60,237.72336
60,239.52336
60,238.53517
50,237.22874
60,242.27844
60,243.2826
50,241.30472
60,250.93285
60,270.04486
50,273.84183
60,275.7306
60,274.18866
50,277.02374
60,277.02374
50,288.40555
60,293.20743
40,287.8022
50,289.32944
50,288.35425
50,284.35196
50,283.01816
60,277.7059
60,276.64395
50,277.25378
60,277.25378
50,279.3008
60,270.6008
50,270.6008
70,270.6008
50,267.81976
60,270.28235
60,266.867
60,264.29745
40,266.57336
60,267.0052
40,263.74753
50,249.91663
40,252.155
50,267.42792
60,264.73096
50,262.62314
60,262.62314
50,263.55374
50,259.7513
60,268.07394
90,285.7033
70,260.1925
90,267.0461
80,273.83865
80,293.74234
70,266.84015
80,266.6139
70,261.24265
80,268.85074
60,265.11658
50,272.66086
60,258.29214
60,250.34273
60,255.68614
60,249.9348
60,246.88496
60,246.88496
50,248.68216
60,252.29921
50,250.96126
60,244.01266
50,241.85553
60,250.01837
60,234.72023
40,222.02432
60,221.32254
50,219.4737
50,220.37491
50,225.85576
60,221.19681
60,218.48378
50,221.36781
70,217.95515
50,217.95515
60,217.95515
60,219.55492
60,222.77574
50,222.77574
60,217.00908
60,219.19795
60,220.36263
50,219.34657
50,219.34657
50,216.92462
60,217.31154
40,217.31154
50,219.88571
60,217.09427
60,217.09427
50,216.39249
60,217.09427
60,217.09427
50,221.34155
60,218.6705
60,227.43185
90,227.26622
70,226.34888
50,261.97107
60,251.8563
70,217.50935
50,217.5904
60,259.97025
40,223.33414
70,235.90009
50,241.95876
60,243.99928
50,240.4464
60,272.1073
50,241.3209
60,243.53941
60,249.19135
60,249.19135
50,248.3984
50,248.23016
70,266.01163
50,251.13017
70,255.4178
60,253.34203
70,270.36203
70,268.7822
70,268.06937
70,268.06937
70,267.16818
60,292.05905
60,266.8908
60,274.3686
60,271.21808
50,271.21808
60,271.21808
50,272.09607
50,263.6422
50,263.6422
50,264.344
60,261.8814
60,282.94916
80,281.0937
70,293.9522
70,262.81738
60,262.38693
230,263.16116
190,288.76114
180,281.57373
80,281.57373
80,293.86914
60,258.16595
110,249.14023
60,249.14023
70,249.14023
240,260.02713
60,258.1144
50,261.3178
60,261.3178
50,261.3178
60,261.3178
80,259.36603
60,260.13132
80,260.90555
70,278.96698
70,279.32098
70,283.64636
70,287.13794
70,287.77496
70,287.77496
100,287.77496
90,280.11188
90,288.40906
90,282.44257
170,262.6306
110,244.6903
110,235.79501
110,227.16797
120,236.14043
160,233.14818
110,227.42267
120,228.26147
110,229.1409
110,186.16367
110,198.37558
100,202.3891
110,198.47624
100,195.63094
100,195.4009
100,189.92297
120,215.9721
80,219.80003
70,220.11539
70,220.71394
70,217.33908
70,220.1873
70,224.19533
80,224.55144
70,224.75041
70,210.1763
80,201.4292
70,200.46576
70,201.41055
80,213.68976
60,212.86203
60,169.8827
60,172.31985
60,167.0264
60,161.15076
50,163.6074
70,163.6074
50,164.9842
50,162.42458
60,160.6755
50,151.8698
50,152.70729
50,151.68579
50,152.47412
50,161.37834
50,163.4671
60,165.5122
50,161.17886
70,165.41722
60,160.3456
50,168.35432
70,161.79637
50,160.67665
60,157.64853
50,161.84215
70,170.03468
50,170.03468
60,174.81335
50,163.21635
60,163.60696
50,158.22229
50,158.4687
50,158.4687
50,158.49574
50,158.49574
50,159.53702
50,161.21973
100,160.83249
50,160.20369
80,163.55139
60,169.27052
80,164.31497
60,166.09558
70,169.64355
70,160.65474
60,160.54176
60,149.49236
60,137.15309
60,139.19963
60,143.99695
80,152.27759
50,139.56119
60,141.0226
50,140.81961
60,142.1587
50,143.56706
60,148.19188
50,150.54555
60,156.3887
60,155.95908
60,159.28577
60,155.58047
60,155.91907
60,153.15552
50,154.67886
50,152.14815
50,151.11784
50,148.40126
50,147.84663
50,153.28874
60,155.03802
50,153.03291
60,154.32808
60,168.89081
60,170.42485
50,169.28923
60,172.76437
60,169.49002
50,165.19849
60,166.16727
60,167.45535
50,163.99406
60,149.4327
60,150.0244
60,150.0244
50,150.0244
60,148.5555
50,149.60115
60,148.84697
50,149.88489
50,150.08447
50,149.4356
50,150.86383
50,152.79695
50,154.1425
60,156.74954
60,158.54243
50,160.28711
60,160.39255
60,160.60843
60,152.14291
60,148.99236
50,148.99236
60,147.06912
50,148.43808
60,149.83661
70,151.28589
70,155.1047
70,148.3677
80,134.16887
70,138.58963
80,145.9525
80,148.96153
100,157.02402
140,166.08034
80,155.89952
80,164.31502
100,179.0708
110,190.52869
100,188.21848
100,186.39182
100,181.49554
100,185.08847
140,179.76433
90,183.40384
100,180.92673
90,167.65775
100,152.72327
90,152.44864
90,155.69405
100,141.21237
100,141.21237
110,141.73961
70,142.56577
60,142.508
60,144.14722
50,144.15228
60,141.77437
60,144.79594
60,142.90468
50,140.73698
60,142.537
60,142.537
60,125.06194
60,125.06457
50,125.06194
60,125.06194
50,124.36777
70,122.97644
50,120.56573
60,120.74617
40,119.689445
50,124.18881
50,124.19144
60,121.16524
50,122.664444
60,121.70183
50,120.26157
60,122.437065
50,124.368744
70,128.38443
50,131.74474
60,131.74474
50,132.72961
60,132.72961
60,138.57086
60,137.64203
50,133.67004
60,134.87173
50,134.26811
50,139.13533
50,141.98973
50,144.46306
60,155.29672
50,155.29672
50,150.91397
50,152.86142
50,152.81952
50,155.74039
60,157.09456
60,153.91373
50,160.06851
60,155.52419
100,161.5587
70,156.95451
70,157.79324
80,172.17442
60,170.75786
70,161.46591
60,160.33577
70,161.69798
70,162.58005
70,161.33409
80,166.00133
70,167.84319
70,165.15147
100,170.61894
60,167.02701
70,167.08052
80,164.35863
80,151.49606
40,152.47276
50,155.81995
70,163.36493
70,172.80785
90,175.42775
70,170.60692
60,176.90092
50,180.08583
70,186.88416
90,179.92781
60,180.74315
50,195.32774
50,197.71991
60,199.41531
60,195.10216
50,182.97456
60,183.03917
50,172.29248
70,178.75844
50,189.14642
60,184.06702
50,187.09427
60,187.18065
50,182.50908
70,181.79823
70,183.27245
80,179.6368
60,178.24829
90,166.05998
70,181.08989
90,181.08989
70,188.2322
90,187.92728
70,192.70622
80,198.97742
80,201.26077
80,202.38164
80,209.36485
80,213.35664
70,200.9658
80,196.636
70,161.3357
70,165.43123
70,160.68396
80,140.19301
70,158.84865
80,158.55336
80,155.73552
70,163.90816
90,166.30466
80,169.00938
100,171.21269
110,177.0948
100,171.86443
110,170.74774
90,166.54048
100,168.67668
100,167.05789
100,161.94232
110,158.49043
90,160.70226
120,151.15868
90,156.88695
100,168.85857
80,174.79536
90,172.64615
100,179.55252
90,173.64627
90,178.02135
80,172.1809
70,171.52238
80,165.20712
70,170.82477
60,170.47362
50,166.73227
70,156.64641
60,157.41017
60,161.62447
50,154.24033
60,155.17604
40,156.50914
60,155.0677
70,157.71638
50,158.00856
50,161.99437
60,165.0421
50,174.88075
60,163.8141
60,163.8141
60,169.48137
60,167.34126
50,172.46269
60,169.37593
60,173.91684
60,170.7739
50,164.01831
60,156.96419
50,157.57553
60,163.86507
60,163.10768
60,163.10768
50,166.13469
60,151.8879
50,148.56097
70,135.74925
50,134.44666
60,132.76447
50,134.88928
50,143.52211
50,140.71059
50,143.76292
50,142.05843
50,144.035
50,144.31744
60,143.59111
50,148.40126
70,148.40126
50,153.1673
50,162.83563
60,168.5029
60,176.04428
50,179.42044
60,180.1852
90,174.71687
50,168.0562
60,192.50818
50,185.07213
40,175.79218
50,176.91823
40,183.17598
50,196.3839
60,196.00693
60,193.67538
60,175.61008
50,175.61008
60,192.4615
50,178.33978
70,176.00362
50,167.11661
60,154.38885
50,143.39818
50,142.84877
50,142.37115
50,150.081
40,154.25404
50,156.3597
40,140.98625
50,142.12563
50,152.41101
60,154.87038
60,152.1756
60,160.078
60,173.20145
50,173.9267
60,162.3231
60,173.9267
50,177.43448
50,174.54156
50,173.81631
50,169.49638
50,161.67499
50,167.08093
50,170.0053
60,170.7344
60,180.07994
50,182.20879
60,191.07811
50,189.30061
60,180.51367
60,176.72067
60,176.72067
50,196.23935
60,195.29684
50,197.26715
60,196.65776
60,191.50365
60,193.66734
50,191.38396
70,196.52342
40,196.9034
50,196.9034
60,196.9034
80,201.18987
60,193.32776
80,187.61166
80,183.31552
100,189.14835
100,185.29466
110,185.17497
200,177.41719
100,178.71928
100,169.27605
100,173.91151
110,180.15413
120,180.06451
110,187.47032
100,197.9535
110,226.70358
110,220.10936
90,218.72014
110,200.13731
110,169.17325
130,157.63144
120,162.6481
120,167.88618
120,165.73653
130,163.0298
120,160.12195
130,160.12195
120,156.0853
80,157.67609
70,166.3949
70,160.56561
130,159.04912
80,161.36198
70,146.48871
80,151.2233
80,156.73337
60,168.88165
60,173.792
60,167.10393
60,163.13783
70,165.65617
50,163.8886
60,164.45277
60,165.45067
60,163.18742
60,170.6443
60,171.61641
50,179.30315
60,179.4874
50,179.4874
70,173.00703
50,172.44969
60,169.5164
40,171.75493
60,167.629
50,169.29303
50,174.75471
50,173.24626
50,169.9583
60,175.29437
60,176.64716
50,173.19867
60,171.95135
60,171.36961
50,169.83194
60,159.99695
60,160.28743
60,165.38972
60,164.78528
60,168.02438
50,167.91124
60,155.43336
60,156.56621
60,154.17043
50,139.74832
50,140.58817
50,138.6857
50,135.81717
50,135.81717
50,135.67662
50,134.73871
60,135.32664
50,135.52515
60,135.52515
60,136.90471
70,136.90471
60,139.68782
70,141.30472
190,141.88634
100,162.45808
90,168.5614
110,180.82863
80,167.53374
120,171.75352
110,175.85593
80,168.842
230,180.14766
250,189.25401
190,185.47163
80,191.32326
70,191.33359
60,183.86256
80,187.7219
80,190.54233
70,189.13968
60,193.29369
80,197.84108
70,201.02092
80,203.47621
80,205.31462
110,208.74469
240,199.01407
210,192.25876
100,179.81277
240,194.77388
230,197.21011
170,187.62529
170,197.49886
240,231.35266
250,178.58131
250,177.72736
220,176.51042
170,187.94562
100,188.79938
200,188.36288
200,205.23634
120,212.45506
120,214.44746
110,211.75996
190,212.73239
130,208.85866
140,216.84142
150,216.96135
140,211.1011
130,202.30858
130,205.03543
100,203.21005
120,239.28241
100,267.53723
80,247.26839
60,248.40201
60,260.09503
60,217.77151
60,214.32407
60,215.92824
60,207.63034
50,201.31073
50,172.8168
50,175.43257
60,177.24535
60,166.75935
60,159.55536
70,156.49173
60,159.11017
60,168.81674
60,168.72842
60,173.57306
50,146.50652
60,149.77766
50,155.9315
60,154.77222
60,154.84103
70,149.33583
60,145.28952
70,143.3084
60,143.90625
60,143.31096
70,146.82602
60,146.82602
60,145.27795
50,144.86044
60,138.27106
60,138.31854
60,140.52776
70,151.61398
60,149.86526
70,154.57433
60,146.02515
60,145.32336
50,148.65038
60,140.99687
60,144.35051
50,144.35051
60,144.35051
60,144.30026
60,138.47462
70,138.47462
60,138.47462
60,138.47462
60,138.47462
50,141.55544
60,141.55544
50,147.87518
60,150.41327
70,153.3969
50,154.64948
70,154.64948
60,142.05058
70,149.21254
70,141.06728
60,134.56857
100,165.31801
50,179.24742
80,179.62126
160,179.9053
70,182.41037
80,199.11095
70,201.76093
70,216.58904
70,215.51016
80,226.47115
80,221.67451
100,219.67616
90,216.95288
100,209.35522
100,209.93448
100,211.20525
110,206.32712
110,201.13322
110,213.70448
90,219.67287
90,229.47392
100,226.21675
90,213.38396
100,207.59016
110,205.20815
110,205.23643
130,203.00285
110,210.73402
110,211.93907
130,227.15465
110,232.46811
130,233.69861
130,255.98515
120,249.38286
90,238.99538
100,235.05844
100,236.48999
110,226.04391
110,221.46689
100,217.16934
90,211.96863
130,210.90735
120,210.80096
140,210.80096
130,211.92236
130,216.98795
130,218.29744
130,220.41566
120,225.95891
110,232.06395
110,234.65846
110,234.65846
110,234.65846
110,235.82495
100,235.30307
100,235.23282
90,235.17267
100,235.17267
120,214.59299
100,203.48146
110,220.80432
110,229.60938
100,227.64874
100,228.24088
90,189.8597
90,207.5307
90,192.00906
90,191.50735
80,214.52634
110,166.576
90,161.15663
80,161.70547
80,160.57143
80,182.87634
80,155.04704
80,153.78787
80,171.61404
70,165.88992
80,165.88992
70,186.80849
70,185.8268
90,178.95615
70,194.64032
50,171.00864
50,188.06812
50,188.88942
60,171.74861
50,170.41348
40,175.99255
50,177.22769
50,176.8381
50,186.25247
50,192.02727
60,191.23204
50,182.59383
60,187.4536
50,186.97266
50,187.24406
50,184.61113
50,185.09816
60,191.40553
50,182.70503
50,179.31497
60,177.31284
60,177.19644
50,177.53154
60,178.17384
50,180.67201
60,176.72299
50,174.04681
40,183.50243
60,187.13167
30,184.07469
40,180.826
30,183.6873
40,183.4204
40,179.7075
50,180.67708
60,178.81606
50,179.20593
60,179.47284
40,178.86197
50,179.1228
60,178.10588
40,176.15556
60,168.90718
60,168.38896
60,171.99007
60,170.2009
50,171.4376
50,171.16998
60,171.16998
40,170.21046
60,167.94702
50,166.4238
90,164.5135
80,165.1227
50,164.31233
60,162.47867
60,157.2625
220,176.73695
190,173.13048
120,171.00348
70,172.07478
50,192.52419
150,195.35869
130,214.94856
120,212.7674
110,199.7896
80,213.09172
100,207.19252
100,205.37172
100,202.32242
70,205.52325
80,209.87045
80,232.63065
200,206.92363
110,226.44464
110,207.24715
100,208.04237
100,239.49017
110,219.96916
100,239.52718
110,222.80966
110,222.57846
90,242.85466
100,222.76985
90,222.76985
110,224.77289
100,229.11151
90,229.11151
110,229.34271
110,229.34271
100,229.34271
160,227.66524
80,250.31879
80,231.43349
90,231.43349
90,232.22871
70,232.22871
100,230.79507
100,249.8415
100,231.4049
80,231.4049
90,231.4049
100,231.4049
90,249.64241
100,258.08398
100,258.08398
110,263.586
130,258.0039
110,263.38892
110,264.565
140,262.05
100,248.31958
200,248.31958
120,249.97339
80,272.04294
80,251.9889
100,256.05396
110,254.16362
100,234.16873
110,236.50446
100,243.73701
100,251.65413
80,242.86197
100,244.81046
90,248.95941
100,241.56483
90,206.2164
170,200.59607
230,164.93282
240,162.68645
240,168.85994
150,200.05786
100,172.86867
90,184.00948
90,194.50677
90,193.97289
80,188.80046
100,192.28839
70,179.95316
80,166.66154
80,170.89534
80,194.58617
80,191.17183
90,203.49007
90,202.07468
80,202.07468
70,209.00148
50,212.26584
60,209.19739
60,199.14343
50,186.09152
50,186.09152
60,191.6665
50,189.92757
50,185.64119
50,181.51581
60,178.83124
50,172.58171
70,170.63106
50,168.50201
60,176.48108
60,171.99689
50,160.45032
70,145.25302
50,148.0764
50,151.1234
50,151.89615
50,152.83598
50,155.15149
50,150.17625
50,148.80244
60,150.73068
50,154.93019
60,154.4287
60,154.04143
50,153.41087
60,159.33258
50,156.41719
50,162.64534
50,160.3193
50,160.93292
50,162.03229
50,155.43341
50,151.29587
60,152.08432
50,153.53238
60,156.32117
60,164.69249
60,154.00255
50,147.07655
50,156.02399
90,155.07611
60,143.1914
40,143.19612
50,145.43175
60,154.1143
50,149.34613
160,150.83026
170,155.84431
80,149.72627
60,147.47542
50,150.87502
50,159.08096
80,199.08826
100,184.05035
160,200.80484
100,202.67166
100,214.8701
110,208.42647
100,206.3132
100,219.85464
100,218.61816
90,225.36847
110,224.17125
110,226.28255
110,228.15216
160,220.45203
100,214.39311
120,227.18282
120,229.08247
120,269.1218
100,233.11662
80,210.95374
90,261.3669
80,237.19675
80,249.82095
100,258.51212
100,248.5918
100,241.2818
80,245.5514
210,245.16902
90,268.91858
100,253.19229
90,245.76279
90,246.49617
90,246.49617
90,246.49617
90,239.928
80,234.62865
90,232.55334
90,233.72601
120,232.23317
110,232.27017
110,234.56824
120,221.62158
100,213.87793
110,217.0372
100,217.2239
150,221.89604
100,219.8906
120,203.73941
120,196.66484
110,196.67941
120,217.96442
120,251.40349
110,241.25703
100,236.6249
130,223.48291
80,238.90073
80,239.58385
80,234.21413
80,244.21098
80,243.75513
70,261.5259
60,230.66563
60,231.81355
60,258.19687
50,219.44766
50,221.52
40,222.54204
60,232.0316
40,225.09052
40,245.57376
50,232.7724
60,251.38004
70,242.02104
60,252.01016
70,216.2368
50,221.22641
40,210.6945
50,210.3903
50,215.14012
50,213.9405
50,213.43814
60,210.60904
50,210.12413
60,204.17522
50,204.55237
60,204.93964
50,206.43803
60,191.32523
50,187.93053
40,195.34866
60,200.92918
40,189.02185
70,178.43524
50,176.1073
60,175.06906
60,183.10179
50,186.43573
60,187.91006
40,183.68274
50,189.31194
50,176.92119
50,180.7704
50,183.12405
60,168.8158
50,158.13498
60,159.7656
70,159.51212
80,145.17386
50,149.40611
50,161.89969
50,167.62662
50,161.57555
60,162.00775
40,163.39774
50,166.51419
40,167.36746
80,161.54803
70,178.50261
60,178.78172
70,166.65338
110,172.69383
50,200.4683
50,203.33054
50,213.80884
50,210.99438
70,219.38934
50,217.76054
60,220.873
60,258.58286
50,256.28525
50,259.26694
50,254.30075
50,265.9121
50,277.07263
50,276.0243
60,279.51855
50,280.32977
50,291.3761
60,286.83624
50,276.932
60,278.63928
50,266.70105
60,257.6195
40,247.90955
60,238.69348
40,236.58131
60,237.61465
50,239.22815
60,239.22815
50,248.24934
50,236.73784
60,236.51004
50,232.95943
50,232.10847
40,231.84766
50,232.10855
50,237.83311
40,237.49649
30,233.98329
40,234.04344
40,244.85999
60,244.37747
60,245.84581
50,258.6161
60,262.20325
50,261.9595
50,261.9595
40,261.0636
50,264.04102
60,262.23837
60,262.62564
50,261.27896
60,261.27896
60,261.72855
50,259.78516
80,259.71353
70,265.9675
80,265.9675
80,276.58493
80,280.2513
90,257.48868
100,257.43234
190,242.54912
100,237.30745
90,235.93915
110,230.10524
90,234.26143
110,242.32889
100,242.5394
90,238.63411
140,238.2633
140,221.5504
130,237.43707
120,210.13005
120,217.7874
130,214.41954
140,217.25008
110,234.17302
110,212.66328
110,212.66328
110,211.42134
90,212.12056
60,230.23901
80,206.9685
50,207.78523
60,211.05672
50,209.4824
60,237.18867
80,202.16507
50,200.03735
40,202.82076
20,185.0333
30,222.10316
30,192.10652
60,194.19421
60,199.3908
60,199.78134
60,202.24797
60,202.54395
50,198.24028
60,199.26593
50,234.51183
50,203.04591
50,178.87411
50,171.48627
50,159.85515
40,176.80399
60,180.07379
50,179.65575
60,176.37732
60,179.72897
60,142.81189
50,137.85558
60,133.94673
50,134.46239
50,136.93533
60,136.93533
40,138.28217
60,137.3157
40,169.6551
60,137.05275
60,137.33873
50,137.9785
60,139.37831
50,139.71193
60,140.37883
50,133.29567
50,133.17262
40,140.67833
80,143.06343
70,145.21312
60,146.29416
50,154.48927
70,180.62956
60,157.04495
60,156.87926
130,157.57185
60,181.02846
70,176.90833
50,180.64091
50,176.68402
50,172.15187
50,174.63557
50,189.3437
50,184.64294
60,192.65697
60,202.38698
50,189.10489
70,185.3758
70,186.21771
80,190.0452
50,180.18477
50,191.23407
50,197.24257
40,198.44955
90,193.78893
60,200.73633
80,198.95541
70,205.44514
60,207.8868
40,188.43161
60,204.65929
50,196.6931
50,200.5481
90,201.50037
100,205.29576
80,198.31575
60,215.94379
70,214.45331
50,215.97838
60,216.81396
50,218.35858
50,218.35564
50,219.979
40,227.06587
80,228.38445
70,228.21976
90,231.56535
80,230.6936
90,233.69902
80,232.9518
90,236.40916
90,226.61514
90,233.00877
80,224.24355
80,227.12914
80,227.03514
80,232.40318
80,227.63728
90,233.43912
90,233.68683
90,241.10333
80,245.78317
80,243.05246
70,244.09033
70,244.63626
50,241.11737
70,240.3603
140,240.6645
240,243.6876
60,206.1056
70,220.5977
90,231.21199
100,231.57689
110,233.89558
100,234.96075
240,213.06769
130,207.90771
150,221.75609
120,223.52252
210,230.26694
130,241.59763
130,228.92702
150,219.19073
140,220.40045
160,220.48943
140,209.16121
140,201.26678
160,203.03957
140,190.38689
130,190.61583
160,179.20364
100,204.59792
110,151.70422
90,158.73502
70,155.3154
60,155.86903
60,150.68364
50,149.60274
60,143.2524
50,132.10936
60,127.10033
40,130.48807
50,130.48227
50,134.0903
50,131.398
60,132.01282
50,136.65335
70,135.36214
60,138.77483
60,138.58061
50,137.97697
60,134.85323
40,133.91505
50,134.38567
50,141.5496
40,145.86403
50,154.7038
50,154.19376
60,154.25223
50,152.24854
60,149.40967
50,149.40967
50,150.20996
50,150.20996
50,140.54366
60,139.2483
40,135.9823
50,133.37233
40,132.38835
60,132.29567
40,137.82782
60,140.18594
60,142.7669
60,135.8077
60,137.36957
50,137.6654
60,136.87581
50,142.13611
60,144.6432
50,144.93378
80,146.33138
40,141.7934
50,125.93753
50,127.24208
60,130.55576
60,131.97873
60,129.85234
70,139.04732
60,140.74078
50,142.37018
50,139.52226
50,137.78716
40,142.7363
60,137.99945
40,133.64642
60,153.69054
50,162.6652
60,164.04723
50,159.776
60,158.02042
50,162.54205
50,166.66168
50,167.80132
50,165.09239
40,164.20605
20,164.34523
40,192.0901
30,186.93512
40,186.8651
60,194.1734
50,193.57394
60,197.73271
50,204.9545
50,204.99754
60,208.37367
40,209.28923
50,202.99901
50,201.89093
50,201.89093
60,201.43645
60,193.33707
60,191.64087
50,192.62257
70,194.31877
50,194.31877
60,194.63608
40,194.63608
50,195.21635
40,195.7488
50,190.19383
50,188.93716
50,190.80582
60,193.7177
50,194.8516
60,189.89265
50,190.93837
60,191.76894
80,205.00229
80,209.55136
80,207.43884
80,206.40697
80,208.32883
80,207.51575
90,217.218
80,216.609
100,215.19756
90,215.19756
90,214.76535
80,230.53174
100,230.99799
80,253.756
70,234.6032
90,234.282
70,264.93848
100,269.60773
160,260.78784
100,242.22891
210,244.38525
110,255.26714
70,244.02673
70,246.04562
70,245.07397
100,242.76192
110,238.31621
100,243.24583
110,237.7894
100,206.07787
170,215.18303
110,239.64685
130,219.83344
120,219.11118
90,218.25458
90,215.38898
70,216.21094
80,222.86496
70,236.3864
60,228.56793
60,216.23473
60,217.15485
50,191.26091
50,189.09879
50,189.569
50,200.46785
50,169.63852
50,165.48259
60,160.7898
50,160.10455
60,157.57549
60,151.50914
50,163.60385
60,159.2652
40,161.1856
50,160.09636
50,157.33307
60,159.24295
40,158.94614
70,153.09554
50,152.3751
50,136.29253
60,135.50269
50,136.06674
60,137.57146
40,141.06612
50,144.42166
40,141.15565
30,138.36469
20,138.63159
30,137.19193
50,137.98172
70,141.10034
60,137.0139
50,150.64357
60,157.7695
60,153.0328
50,148.3816
50,163.32014
50,175.86324
50,185.36691
50,189.4333
50,196.32071
60,193.9408
80,197.51277
80,212.84338
50,195.68492
60,187.53142
60,220.12439
40,198.33537
60,198.68892
50,193.89427
50,194.42343
60,218.02014
90,228.79709
90,220.98317
80,225.98839
90,220.66269
80,219.09268
70,232.78639
80,194.22926
80,193.48393
110,184.48624
130,206.36258
170,213.35301
130,213.35301
130,220.19638
90,210.83972
70,213.47665
60,213.8168
90,216.73491
80,216.25522
80,222.75816
60,215.67894
100,213.81761
80,213.0103
70,215.78856
90,224.62141
70,207.99295
80,210.51968
70,209.61685
80,215.66914
60,203.4798
60,209.9192
120,221.298
50,212.44977
70,213.46971
60,212.97389
90,222.87402
70,212.83566
70,197.18202
70,187.06902
70,192.52596
60,167.12451
70,165.52809
60,172.36433
50,164.69194
60,164.11375
60,161.39128
70,164.79424
60,164.57344
60,164.94374
50,155.44637
60,157.2683
50,151.7324
40,158.09447
50,156.9998
50,152.93074
50,157.66806
40,162.59546
30,162.59546
40,168.02588
30,187.17044
60,191.36697
60,196.55847
70,190.46297
90,180.72607
60,189.20564
80,186.86922
70,183.429
80,175.62001
70,189.09944
90,195.8647
80,183.2898
80,189.32652
70,176.36754
70,170.3898
80,175.15674
70,171.07753
60,171.18297
60,171.79086
70,163.19356
60,163.36952
70,163.36952
70,164.3023
70,159.21036
70,167.46379
70,167.40564
80,172.01575
60,168.01837
70,183.25262
60,190.18065
80,201.1648
70,192.84528
50,190.23131
60,188.08516
40,188.09184
60,199.2174
50,175.57657
60,174.39392
60,169.60632
50,157.40425
50,153.49849
50,140.8122
50,144.65947
50,147.34648
40,152.91487
30,159.29556
40,152.70515
40,145.90953
40,143.84198
60,147.56761
60,144.91666
50,143.82033
60,147.68494
50,149.40967
50,145.94325
50,149.97087
50,156.2335
50,152.88225
60,154.2142
50,156.39111
60,151.0365
50,147.92259
60,146.12637
60,140.52075
40,140.50717
50,136.62694
50,142.05255
40,142.05255
60,140.81406
50,143.90099
60,147.2441
60,145.46368
60,147.54973
50,145.56032
60,150.83484
50,150.95454
70,156.06647
40,150.39919
50,147.41428
50,150.21922
50,151.95377
50,147.10484
50,146.08276
60,140.28395
60,141.18633
50,143.17574
60,142.27336
80,143.17574
80,145.0763
50,123.71609
50,117.152016
60,117.92601
50,125.792816
50,145.50177
80,153.8734
130,162.38083
100,164.14088
100,172.22394
80,184.61145
90,183.51839
110,167.03326
250,178.57939
230,178.97916
200,172.33171
150,172.33171
80,169.93971
250,165.4964
220,161.82765
220,168.89153
110,167.48721
220,158.96724
140,160.93755
110,166.368
90,162.15628
110,173.96727
100,159.38469
90,166.01353
100,161.15546
120,161.6638
110,172.19899
90,158.76187
80,158.66197
90,182.85063
80,168.07263
150,166.1023
130,154.71243
120,170.55359
120,159.11736
120,157.19969
110,165.57695
110,160.86809
110,162.55836
110,161.3191
110,163.2154
110,153.07822
100,152.22142
110,149.41747
100,143.9622
100,143.29662
100,143.40742
70,151.75636
90,158.61674
100,156.54059
110,158.14514
90,157.81323
90,157.18672
80,156.48312
90,151.03494
60,150.6543
80,159.17012
70,160.97003
70,155.95483
70,155.95483
70,155.34544
160,161.094
140,155.44322
60,154.3451
50,154.3451
60,152.89734
60,153.45024
60,153.45024
60,152.00325
60,153.54613
60,155.16911
50,159.7273
60,159.81384
60,161.36758
50,167.82237
60,166.3731
60,166.08223
50,161.80542
50,155.75435
50,163.05098
50,164.50026
50,163.40216
60,152.77185
50,153.78026
50,153.78026
60,154.6313
50,153.18355
60,152.49437
50,151.0382
60,151.7146
50,147.42595
60,150.19038
50,157.48056
60,158.44777
50,158.85246
60,159.12685
50,160.38844
50,156.59984
40,158.96988
50,163.42827
50,168.7777
50,173.68332
50,168.587
60,169.07812
70,169.24194
60,170.91867
60,173.35246
60,165.16864
60,163.09315
60,161.42256
70,160.1274
70,160.37991
60,156.94348
60,144.3012
50,158.45805
60,158.45805
220,158.64195
120,162.2638
120,162.5615
100,162.5615
130,162.5615
100,166.81366
110,166.81366
80,169.5383
90,169.65941
80,166.81801
150,166.81801
250,179.7143
190,181.98943
130,182.09486
110,181.41087
110,177.05415
120,173.11653
100,171.43983
100,171.43983
100,168.7152
110,164.45306
110,163.45126
100,149.57808
100,160.68565
110,162.54982
110,164.25772
110,164.45714
110,164.38823
100,161.25624
100,163.4351
90,157.15431
100,168.90886
100,172.88353
110,172.79926
90,176.19313
90,176.51027
90,174.12965
80,170.93617
100,173.72273
90,166.09424
90,166.21094
80,161.44641
210,162.8945
240,170.37297
200,173.87134
160,174.72037
130,182.45003
110,181.75136
120,179.13466
110,178.2538
120,176.4828
130,165.66408
110,178.03699
110,179.5255
110,181.25533
90,173.82088
80,173.82088
80,173.93636
90,170.5311
120,175.66728
120,163.63094
130,169.52187
120,159.16087
120,174.76852
90,160.25261
100,149.96059
100,165.98152
90,157.17447
80,160.994
70,167.50247
80,181.36792
60,172.78722
80,158.38844
100,155.46225
80,159.34839
70,169.98071
60,175.41689
60,164.44458
60,163.2818
60,158.93462
60,158.57552
60,160.94818
60,165.01265
60,171.05164
60,168.37698
60,162.73416
60,154.0144
50,146.64264
50,146.74016
50,148.39824
50,148.39824
50,153.87369
50,146.94672
60,149.09955
50,153.5607
60,151.47668
60,128.21127
60,127.68523
60,125.32479
60,130.67735
50,130.67735
60,119.99792
50,120.18388
50,112.20107
50,113.41622
50,119.45632
50,120.57877
50,116.624405
40,116.624405
50,115.35592
50,112.47009
60,117.30123
90,109.92946
60,107.04363
70,128.51762
70,100.7351
50,110.06899
60,108.618805
60,114.51918
60,133.11426
50,108.60185
80,118.79748
50,118.09098
60,124.21885
60,132.18622
50,142.34396
70,145.95
50,154.96767
60,149.06885
50,148.69656
50,141.03981
50,136.26114
50,133.8881
50,133.8811
60,136.02852
50,143.61725
60,139.40898
50,139.28142
60,146.87141
50,136.27106
60,135.15082
50,143.07802
50,150.17427
50,150.87787
40,151.63745
60,153.5948
50,153.41148
60,153.41148
50,152.32579
60,152.56967
50,159.85149
60,168.4525
60,172.46817
60,172.64247
40,166.00105
50,174.01445
60,174.47508
60,176.66212
80,183.3453
80,173.62933
50,174.24257
60,175.09863
60,174.60498
50,172.49423
60,166.79314
60,170.03644
60,164.12723
50,164.84792
60,178.4957
40,188.32338
70,182.60385
70,177.4804
70,187.5468
70,182.65826
80,191.74042
60,195.48906
90,187.11311
70,185.87259
70,194.54242
60,194.5172
70,194.14182
100,195.82973
230,184.96634
240,162.00562
160,163.59454
120,164.5696
110,165.91536
120,173.52676
120,176.56314
110,176.10231
170,182.84427
110,181.94734
110,172.50566
110,169.00996
110,160.16136
110,160.24016
110,159.51947
110,159.75066
100,155.80847
110,156.0806
100,157.95891
100,169.26826
80,169.28058
70,174.70168
70,145.57051
60,157.12045
70,155.42998
60,148.56648
60,147.6791
70,152.90416
70,173.5107
70,159.794
60,158.63632
50,148.4037
70,143.66025
50,145.96616
60,148.73112
60,153.99272
50,170.07858
60,170.37192
60,169.50949
50,167.09659
40,167.05557
50,167.05557
50,168.98953
50,172.90154
50,172.90154
60,171.9359
60,159.00566
60,159.27257
60,164.76277
50,165.72937
60,173.45721
50,172.8599
60,171.3628
50,172.5884
60,161.8212
50,161.8212
50,159.49823
50,162.5855
50,137.40594
50,137.06569
60,137.06569
60,136.78558
50,139.30809
50,140.80746
50,140.43022
60,132.07834
60,136.19247
50,130.56528
90,124.16588
50,122.42472
40,114.787186
60,114.170265
60,115.97583
70,117.30123
70,117.59664
70,143.52724
70,144.28682
80,147.87917
70,151.36194
90,154.13045
70,168.1869
80,168.20908
120,172.6519
210,162.91283
60,151.95041
60,158.97942
60,163.71283
50,163.6818
60,163.6818
50,168.24083
30,163.39577
30,163.39577
30,168.22832
30,168.6783
60,175.77132
50,175.239
60,180.97775
60,179.35185
60,179.65872
60,186.19954
70,185.03465
90,180.19183
90,195.24655
100,195.15231
110,201.90788
100,199.76863
110,203.35579
100,207.60753
170,199.94203
180,211.06299
110,212.1155
100,211.89001
110,215.07597
100,219.00014
110,218.8142
100,214.46812
110,216.86449
110,214.99884
140,224.44485
140,223.79
150,225.80342
150,219.37042
150,226.95242
150,220.55699
150,216.76443
150,210.74734
160,203.53487
140,227.0993
140,254.45341
140,262.3739
140,264.14783
130,252.96643
140,252.88635
140,257.8513
140,255.00041
150,255.40016
140,247.69333
140,248.84494
150,248.04738
150,243.62387
150,249.34071
130,244.77638
160,250.54305
100,237.1801
110,242.4258
110,245.82059
120,247.51218
120,252.91634
110,202.23567
160,210.1381
110,200.81569
110,203.37091
120,206.89282
130,197.6321
120,207.86377
100,211.53633
90,217.98172
110,228.2301
80,232.53015
80,227.73846
80,272.38126
90,244.1394
80,242.55276
70,262.3362
60,210.89864
80,211.9374
60,218.46991
70,213.0529
60,196.681
60,170.68962
70,173.88924
50,163.37338
70,188.95232
50,176.72873
60,173.3288
60,168.97556
50,164.50577
60,162.14088
60,165.47731
50,174.39253
60,166.47444
50,162.7205
50,161.609
50,158.40924
50,158.40924
50,158.27997
50,155.819
50,157.8502
70,146.60461
50,144.38115
60,145.78973
50,143.5675
50,143.9782
60,144.35912
60,143.81116
60,149.017
40,148.7892
50,143.04532
50,138.42484
50,137.65634
50,137.65634
50,145.12465
50,144.16649
60,142.21886
60,135.98003
50,136.35738
50,136.35738
60,134.31609
60,134.31609
80,140.62639
50,160.84663
50,147.32741
50,140.054
40,127.62785
30,149.42073
50,140.4913
50,144.65906
50,142.82358
80,152.34204
70,152.48134
70,147.56969
90,168.10931
50,156.81503
60,153.83168
60,151.37474
60,155.76515
70,157.90138
110,168.7844
60,213.23659
110,213.26117
70,212.84442
80,206.33072
100,217.33095
110,212.01703
70,219.02956
90,221.7883
80,225.10944
90,267.2991
50,259.66205
100,259.76974
70,256.98703
120,255.01613
80,257.7129
50,275.55307
60,278.3505
50,277.31223
50,277.31223
50,273.6503
50,273.18094
40,275.90356
60,274.25732
60,275.78644
60,276.61996
50,277.60318
60,274.08994
70,279.67606
50,282.3372
70,236.06711
80,247.74127
70,247.98224
90,246.74368
70,245.1017
80,244.06346
80,250.342
80,251.1986
80,240.0763
70,240.11855
90,239.53668
80,237.7387
90,234.59874
70,237.4624
80,239.08415
80,238.0917
80,238.40462
90,249.58592
240,251.9218
190,258.25702
180,254.56133
70,249.69579
80,255.95665
120,255.85066
190,251.17738
160,253.63998
90,250.84224
100,246.6344
170,247.4984
120,245.67831
120,244.77856
120,242.95268
120,242.95268
120,242.95268
130,243.88324
110,239.67049
120,241.29988
110,241.74242
110,240.281
240,240.04533
160,236.10478
80,238.97076
110,266.78052
70,255.26
70,226.11995
50,225.87811
50,228.04596
60,229.82281
40,226.5201
50,231.32997
50,230.46507
60,227.86263
50,234.32062
60,231.86566
50,231.86075
60,230.95026
50,233.14705
60,230.55739
50,235.49385
50,242.49445
50,237.47002
50,243.96136
50,243.96136
50,240.97185
60,247.81285
50,234.87935
60,228.36513
60,216.93242
60,217.66212
50,220.77878
50,221.67896
60,211.58287
50,200.47635
50,200.69305
40,196.49234
50,175.25876
50,175.40634
60,176.97443
50,172.15872
60,172.40514
50,171.81717
60,172.04497
50,174.72775
60,171.7255
60,170.28223
50,171.88528
50,181.07005
50,184.71526
50,176.111
50,174.6248
50,181.76172
60,181.33537
50,178.90375
60,181.63515
50,180.78899
60,177.5967
60,178.76318
60,182.0292
70,185.05386
100,185.14862
40,181.96797
50,182.23701
50,213.4657
80,181.87244
50,183.41386
180,182.53119
90,181.10559
70,178.46162
130,179.5069
160,183.93509
90,195.46478
90,205.8821
110,220.84288
130,214.37152
100,219.24237
110,212.54318
90,214.74605
80,207.11943
220,251.60802
170,257.26196
90,239.57852
80,250.53085
80,242.72624
100,221.62685
250,217.43755
250,221.99847
180,221.99268
110,225.7759
80,225.7759
70,215.33748
80,251.21336
70,218.0076
80,218.0076
70,194.47655
80,194.91301
70,225.75394
70,196.79385
70,202.4298
60,201.699
60,221.01825
60,192.21535
60,195.55936
60,196.20522
50,198.91107
70,200.65543
70,198.20631
130,197.21106
250,187.1572
190,182.63889
120,193.10738
100,192.16336
250,178.73215
130,179.00955
120,184.1524
100,179.63805
90,179.57622
100,191.34575
80,172.08485
90,188.828
90,198.47244
100,192.34775
80,174.34352
60,189.99709
80,177.67403
60,175.95218
80,174.20068
70,179.0027
80,178.74162
70,179.39919
70,171.39024
60,171.35603
70,172.33083
60,173.32233
70,176.47954
60,178.88098
70,175.64287
70,172.96526
60,181.72653
60,181.20813
70,177.869
50,184.59184
60,177.73328
60,176.86409
60,177.07076
60,177.07076
60,177.49474
50,179.72742
60,177.22778
60,178.40146
60,180.5989
40,186.55522
60,186.55522
40,187.00597
60,187.00597
50,184.57947
50,184.57947
60,184.54028
60,181.00475
60,180.9182
60,171.04836
50,179.12065
60,179.12065
60,178.06392
60,176.9709
60,177.99773
50,173.56621
60,173.65846
60,174.98836
60,174.98836
60,174.98836
60,174.98836
60,174.98836
50,170.36607
60,167.57512
50,178.38907
110,172.14023
70,173.98372
50,174.03717
50,175.58022
50,185.64996
50,192.8444
60,193.59137
60,199.46036
190,196.02557
130,198.83588
180,199.10275
100,194.7467
70,195.5612
80,204.75876
80,205.88332
90,203.61563
90,201.63567
60,209.53761
70,205.663
50,206.20856
240,199.0122
240,200.54959
180,192.7662
190,179.25406
70,180.39767
250,160.38249
240,179.44875
230,171.5149
220,162.10373
90,169.7375
70,170.57564
240,182.09337
250,185.91447
220,177.63278
230,172.9432
190,194.29582
160,175.92078
80,170.69954
60,172.65158
60,173.39511
60,179.65814
60,176.37646
70,171.52565
80,163.99483
80,163.99483
70,165.99632
100,169.03549
100,168.09325
90,163.0113
100,165.88536
220,172.04623
180,167.7911
120,175.99777
110,177.38365
90,182.68916
100,176.35394
90,169.3322
